gamma,coset_representative,kernel_sum,scalar,scalar_order,projective_order
04,04,33,D8,51,4
05,04,33,D8,51,4
06,04,33,D8,51,4
07,04,33,D8,51,4
08,08,4E,13,255,4
09,08,4E,13,255,4
0A,08,4E,13,255,4
0B,08,4E,13,255,4
0C,0C,73,6B,85,4
0D,0C,73,6B,85,4
0E,0C,73,6B,85,4
0F,0C,73,6B,85,4
10,10,21,96,255,4
11,10,21,96,255,4
12,10,21,96,255,4
13,10,21,96,255,4
14,14,8D,74,51,4
15,14,8D,74,51,4
16,14,8D,74,51,4
17,14,8D,74,51,4
18,18,56,E6,255,4
19,18,56,E6,255,4
1A,18,56,E6,255,4
1B,18,56,E6,255,4
1C,1C,E3,F0,255,4
1D,1C,E3,F0,255,4
1E,1C,E3,F0,255,4
1F,1C,E3,F0,255,4
20,20,FF,1E,255,4
21,20,FF,1E,255,4
22,20,FF,1E,255,4
23,20,FF,1E,255,4
24,24,79,D0,255,4
25,24,79,D0,255,4
26,24,79,D0,255,4
27,24,79,D0,255,4
28,28,46,B8,255,4
29,28,46,B8,255,4
2A,28,46,B8,255,4
2B,28,46,B8,255,4
2C,2C,14,45,255,4
2D,2C,14,45,255,4
2E,2C,14,45,255,4
2F,2C,14,45,255,4
30,30,97,91,51,4
31,30,97,91,51,4
32,30,97,91,51,4
33,30,97,91,51,4
34,34,EE,41,255,4
35,34,EE,41,255,4
36,34,EE,41,255,4
37,34,EE,41,255,4
38,38,88,6E,255,4
39,38,88,6E,255,4
3A,38,88,6E,255,4
3B,38,88,6E,255,4
3C,3C,8C,75,85,4
3D,3C,8C,75,85,4
3E,3C,8C,75,85,4
3F,3C,8C,75,85,4
40,40,B3,1D,17,4
41,40,B3,1D,17,4
42,40,B3,1D,17,4
43,40,B3,1D,17,4
44,44,80,C5,51,4
45,44,80,C5,51,4
46,44,80,C5,51,4
47,44,80,C5,51,4
48,48,7B,C0,255,4
49,48,7B,C0,255,4
4A,48,7B,C0,255,4
4B,48,7B,C0,255,4
4C,4C,91,9A,51,4
4D,4C,91,9A,51,4
4E,4C,91,9A,51,4
4F,4C,91,9A,51,4
50,50,7E,DA,255,4
51,50,7E,DA,255,4
52,50,7E,DA,255,4
53,50,7E,DA,255,4
54,54,50,ED,5,4
55,54,50,ED,5,4
56,54,50,ED,5,4
57,54,50,ED,5,4
58,58,F4,A4,255,4
59,58,F4,A4,255,4
5A,58,F4,A4,255,4
5B,58,F4,A4,255,4
5C,5C,CB,CC,51,4
5D,5C,CB,CC,51,4
5E,5C,CB,CC,51,4
5F,5C,CB,CC,51,4
60,60,34,D2,85,4
61,60,34,D2,85,4
62,60,34,D2,85,4
63,60,34,D2,85,4
64,64,9A,20,51,4
65,64,9A,20,51,4
66,64,9A,20,51,4
67,64,9A,20,51,4
68,68,FD,0E,255,4
69,68,FD,0E,255,4
6A,68,FD,0E,255,4
6B,68,FD,0E,255,4
6C,6C,BA,B7,255,4
6D,6C,BA,B7,255,4
6E,6C,BA,B7,255,4
6F,6C,BA,B7,255,4
70,70,DC,98,255,4
71,70,DC,98,255,4
72,70,DC,98,255,4
73,70,DC,98,255,4
74,74,23,86,255,4
75,74,23,86,255,4
76,74,23,86,255,4
77,74,23,86,255,4
78,78,10,5E,51,4
79,78,10,5E,51,4
7A,78,10,5E,51,4
7B,78,10,5E,51,4
7C,7C,58,46,255,4
7D,7C,58,46,255,4
7E,7C,58,46,255,4
7F,7C,58,46,255,4
80,80,02,10,51,4
81,80,02,10,51,4
82,80,02,10,51,4
83,80,02,10,51,4
84,84,0D,B1,15,4
85,84,0D,B1,15,4
86,84,0D,B1,15,4
87,84,0D,B1,15,4
88,88,49,19,255,4
89,88,49,19,255,4
8A,88,49,19,255,4
8B,88,49,19,255,4
8C,8C,E8,4A,17,4
8D,8C,E8,4A,17,4
8E,8C,E8,4A,17,4
8F,8C,E8,4A,17,4
90,90,EB,5B,255,4
91,90,EB,5B,255,4
92,90,EB,5B,255,4
93,90,EB,5B,255,4
94,94,A4,49,255,4
95,94,A4,49,255,4
96,94,A4,49,255,4
97,94,A4,49,255,4
98,98,29,3D,85,4
99,98,29,3D,85,4
9A,98,29,3D,85,4
9B,98,29,3D,85,4
9C,9C,36,C2,17,4
9D,9C,36,C2,17,4
9E,9C,36,C2,17,4
9F,9C,36,C2,17,4
A0,A0,6A,9F,51,4
A1,A0,6A,9F,51,4
A2,A0,6A,9F,51,4
A3,A0,6A,9F,51,4
A4,A4,1A,E5,255,4
A5,A4,1A,E5,255,4
A6,A4,1A,E5,255,4
A7,A4,1A,E5,255,4
A8,A8,B6,07,85,4
A9,A8,B6,07,85,4
AA,A8,B6,07,85,4
AB,A8,B6,07,85,4
AC,AC,99,31,255,4
AD,AC,99,31,255,4
AE,AC,99,31,255,4
AF,AC,99,31,255,4
B0,B0,1C,EE,255,4
B1,B0,1C,EE,255,4
B2,B0,1C,EE,255,4
B3,B0,1C,EE,255,4
B4,B4,6D,95,255,4
B5,B4,6D,95,255,4
B6,B4,6D,95,255,4
B7,B4,6D,95,255,4
B8,B8,60,24,85,4
B9,B8,60,24,85,4
BA,B8,60,24,85,4
BB,B8,60,24,85,4
BC,BC,D0,28,255,4
BD,BC,D0,28,255,4
BE,BC,D0,28,255,4
BF,BC,D0,28,255,4
C0,C0,AF,F3,85,4
C1,C0,AF,F3,85,4
C2,C0,AF,F3,85,4
C3,C0,AF,F3,85,4
C4,C4,E5,FB,255,4
C5,C4,E5,FB,255,4
C6,C4,E5,FB,255,4
C7,C4,E5,FB,255,4
C8,C8,D9,82,85,4
C9,C8,D9,82,85,4
CA,C8,D9,82,85,4
CB,C8,D9,82,85,4
CC,CC,AD,E3,255,4
CD,CC,AD,E3,255,4
CE,CC,AD,E3,255,4
CF,CC,AD,E3,255,4
D0,D0,B0,0C,5,4
D1,D0,B0,0C,5,4
D2,D0,B0,0C,5,4
D3,D0,B0,0C,5,4
D4,D4,16,55,85,4
D5,D4,16,55,85,4
D6,D4,16,55,85,4
D7,D4,16,55,85,4
D8,D8,0E,A0,255,4
D9,D8,0E,A0,255,4
DA,D8,0E,A0,255,4
DB,D8,0E,A0,255,4
DC,DC,9E,3B,85,4
DD,DC,9E,3B,85,4
DE,DC,9E,3B,85,4
DF,DC,9E,3B,85,4
E0,E0,81,C4,255,4
E1,E0,81,C4,255,4
E2,E0,81,C4,255,4
E3,E0,81,C4,255,4
E4,E4,AA,E9,255,4
E5,E4,AA,E9,255,4
E6,E4,AA,E9,255,4
E7,E4,AA,E9,255,4
E8,E8,72,6A,51,4
E9,E8,72,6A,51,4
EA,E8,72,6A,51,4
EB,E8,72,6A,51,4
EC,EC,A0,52,255,4
ED,EC,A0,52,255,4
EE,EC,A0,52,255,4
EF,EC,A0,52,255,4
F0,F0,74,61,51,4
F1,F0,74,61,51,4
F2,F0,74,61,51,4
F3,F0,74,61,51,4
F4,F4,A1,53,85,4
F5,F4,A1,53,85,4
F6,F4,A1,53,85,4
F7,F4,A1,53,85,4
F8,F8,9C,2B,85,4
F9,F8,9C,2B,85,4
FA,F8,9C,2B,85,4
FB,F8,9C,2B,85,4
FC,FC,8A,7E,255,4
FD,FC,8A,7E,255,4
FE,FC,8A,7E,255,4
FF,FC,8A,7E,255,4
